14.211.35.140,9999,广东佛山,HTTP,1天,2017/11/3 21:11
121.40.225.209,3128,湖北,HTTP,40分钟,2017/11/3 21:11
113.200.214.164,9999,陕西西安,HTTP,159天,2017/11/3 21:09
120.25.164.134,8118,北京,HTTP,7天,2017/11/3 21:07
121.14.170.230,3128,广东中山,HTTP,15天,2017/11/3 21:05
58.87.74.207,80,浙江温州,HTTP,4小时,2017/11/3 21:03
112.95.21.56,8888,广东深圳,HTTP,27天,2017/11/3 21:03
61.135.217.7,80,北京,HTTP,539天,2017/11/3 21:02
118.178.124.33,3128,上海,HTTP,100天,2017/11/3 21:02
61.155.164.110,3128,江苏苏州,HTTP,497天,2017/11/3 21:01
61.155.164.111,3128,江苏苏州,HTTP,497天,2017/11/3 21:01
218.83.49.233,8118,上海,HTTP,1分钟,2017/11/3 21:01
61.155.164.108,3128,江苏苏州,HTTP,498天,2017/11/3 21:00
110.72.204.137,80,广西柳州,HTTP,1分钟,2017/11/3 21:00
61.135.155.82,443,北京,HTTP,113天,2017/11/3 21:00
222.82.248.74,53281,新疆乌鲁木齐,HTTP,77天,2017/11/3 20:57
119.29.158.87,80,北京,HTTP,1天,2017/11/3 20:56
121.13.55.212,8118,广东东莞,HTTP,54分钟,2017/11/3 20:56
183.163.45.197,52225,安徽蚌埠,HTTP,9分钟,2017/11/3 20:55
121.31.103.4,8123,广西防城港,HTTP,537天,2017/11/3 20:55
61.155.164.107,3128,江苏苏州,HTTP,499天,2017/11/3 20:52
117.78.37.198,8000,辽宁鞍山,HTTP,95天,2017/11/3 20:51
59.38.62.169,9797,广东珠海,HTTP,5小时,2017/11/3 20:45
118.187.58.34,53281,北京,HTTP,74天,2017/11/3 20:42
36.48.28.219,8118,吉林,HTTP,3小时,2017/11/3 20:41
27.22.49.46,808,湖北襄阳,HTTP,6小时,2017/11/3 20:37
121.228.77.83,8118,江苏苏州,HTTP,10小时,2017/11/3 20:30
218.106.98.166,53281,江苏扬州,HTTP,76天,2017/11/3 20:22
121.13.54.217,8118,广东东莞,HTTP,35分钟,2017/11/3 20:21
49.64.68.36,3128,江苏苏州,HTTP,1小时,2017/11/3 20:18
110.72.25.124,8123,广西贵港,HTTP,2小时,2017/11/3 20:15
218.18.232.29,8080,广东深圳,HTTP,155天,2017/11/3 20:02
101.68.73.54,53281,浙江杭州,HTTP,79天,2017/11/3 20:01
113.121.241.89,808,山东德州,HTTP,213天,2017/11/3 20:00
125.118.240.125,808,浙江杭州,HTTP,252天,2017/11/3 20:00
182.96.194.88,8118,江西南昌,HTTP,9小时,2017/11/3 20:00
110.73.3.253,8123,广西防城港,HTTP,192天,2017/11/3 19:55
210.76.163.216,8118,辽宁大连,HTTP,187天,2017/11/3 19:49
27.159.126.183,8118,福建莆田,HTTP,4小时,2017/11/3 19:44
171.37.161.60,8123,广西,HTTP,141天,2017/11/3 19:36
113.65.21.37,9797,广东广州,HTTP,10天,2017/11/3 19:36
202.105.111.104,9000,广东深圳,HTTP,4小时,2017/11/3 19:27
125.46.0.62,53281,河南济源,HTTP,79天,2017/11/3 19:22
60.187.167.26,9999,浙江绍兴,HTTP,4小时,2017/11/3 19:13
110.72.18.223,8123,广西贵港,HTTP,304天,2017/11/3 19:11
60.209.141.125,8118,山东青岛,HTTP,8小时,2017/11/3 19:11
58.243.50.184,53281,安徽合肥,HTTP,72天,2017/11/3 19:10
113.79.75.94,9797,广东东莞,HTTP,274天,2017/11/3 19:00
36.97.145.29,9797,浙江,HTTP,589天,2017/11/3 18:46
182.41.212.18,8118,山东,HTTP,1天,2017/11/3 18:12
110.73.10.143,8123,广西防城港,HTTP,568天,2017/11/3 18:11
58.20.246.206,53281,湖南益阳,HTTP,72天,2017/11/3 18:11
27.46.74.32,9999,广东深圳,HTTP,9天,2017/11/3 18:07
223.153.207.111,808,湖南,HTTP,1分钟,2017/11/3 18:02
110.73.3.58,8123,广西防城港,HTTP,492天,2017/11/3 17:46
110.73.48.190,8123,广西南宁,HTTP,469天,2017/11/3 17:45
27.46.74.27,9999,广东深圳,HTTP,28天,2017/11/3 17:30
118.119.168.172,9999,四川乐山,HTTP,441天,2017/11/3 16:54
218.20.55.224,9999,广东广州市天河区,HTTP,26天,2017/11/3 16:52
115.221.121.95,29660,浙江温州,HTTP,1分钟,2017/11/3 16:46
110.73.4.97,8123,广西防城港,HTTP,588天,2017/11/3 16:45
110.73.8.202,8123,广西防城港,HTTP,309天,2017/11/3 16:44
111.155.116.218,8123,北京,HTTP,3天,2017/11/3 16:33
111.155.116.215,8123,北京,HTTP,206天,2017/11/3 16:30
113.105.157.216,3128,广东东莞,HTTP,212天,2017/11/3 16:15
27.46.74.26,9999,广东深圳,HTTP,218天,2017/11/3 16:05
60.177.212.144,8118,浙江杭州,HTTP,1分钟,2017/11/3 16:00
121.31.103.140,8123,广西防城港,HTTP,467天,2017/11/3 15:33
115.56.135.27,9000,河南焦作,HTTP,14天,2017/11/3 15:31
223.241.119.129,808,安徽,HTTP,92天,2017/11/3 15:22
162.105.86.202,8118,北京,HTTP,6天,2017/11/3 15:19
139.224.238.223,8888,云南,HTTP,18小时,2017/11/3 14:44
175.7.224.24,808,湖南,HTTP,1小时,2017/11/3 14:03
115.46.149.144,8123,广西钦州,HTTP,1小时,2017/11/3 13:47
119.39.114.166,808,湖南长沙,HTTP,3小时,2017/11/3 13:35
222.186.45.57,62386,江苏镇江,HTTP,297天,2017/11/3 13:34
59.40.51.214,8010,广东深圳市罗湖区,HTTP,2天,2017/11/3 13:30
58.251.235.118,9000,广东深圳,HTTP,8小时,2017/11/3 13:27
110.73.163.178,8123,广西柳州,HTTP,1分钟,2017/11/3 13:15
59.40.68.243,8010,广东深圳市宝安区,HTTP,15小时,2017/11/3 13:12
110.73.10.200,8123,广西防城港,HTTP,528天,2017/11/3 12:50
121.31.85.233,8123,广西梧州,HTTP,12分钟,2017/11/3 12:43
171.38.15.204,8123,广西玉林,HTTP,1分钟,2017/11/3 12:31
111.155.116.217,8123,北京,HTTP,214天,2017/11/3 12:16
111.155.124.73,8123,北京,HTTP,465天,2017/11/3 12:16
222.186.45.59,62386,江苏镇江,HTTP,312天,2017/11/3 12:12
125.81.68.40,8123,重庆,HTTP,1分钟,2017/11/3 12:01
42.84.43.226,8888,辽宁,HTTP,12小时,2017/11/3 11:43
113.228.63.62,8080,辽宁鞍山,HTTP,1天,2017/11/3 11:40
183.129.6.108,808,浙江杭州,HTTP,3分钟,2017/11/3 11:33
119.145.203.58,80,广东深圳,HTTP,484天,2017/11/3 11:11
59.40.51.46,8010,广东深圳市罗湖区,HTTP,17天,2017/11/3 11:06
36.248.207.31,8118,福建福州,HTTP,2天,2017/11/3 11:00
121.31.103.236,8123,广西防城港,HTTP,520天,2017/11/3 10:55
218.56.38.46,80,山东烟台,HTTP,4分钟,2017/11/3 10:50
124.237.128.18,9999,河北保定,HTTP,10分钟,2017/11/3 10:40
111.155.116.212,8123,北京,HTTP,218天,2017/11/3 10:40
61.178.238.122,63000,甘肃兰州市城关区,HTTP,609天,2017/11/3 10:37
